{
  "searchdata_get_request-0" : {
    "transaction" : "searchdata_get_request-0",
    "sampleCount" : 987,
    "errorCount" : 0,
    "errorPct" : 0.0,
    "meanResTime" : 925.6058763931121,
    "medianResTime" : 500.0,
    "minResTime" : 306.0,
    "maxResTime" : 2181.0,
    "pct1ResTime" : 1747.8000000000002,
    "pct2ResTime" : 1819.0,
    "pct3ResTime" : 1996.68,
    "throughput" : 66.77491374061294,
    "receivedKBytesPerSec" : 52.82237860259793,
    "sentKBytesPerSec" : 11.47693829916785
  },
  "Total" : {
    "transaction" : "Total",
    "sampleCount" : 5974,
    "errorCount" : 1765,
    "errorPct" : 29.544693,
    "meanResTime" : 7007.164713759634,
    "medianResTime" : 3044.0,
    "minResTime" : 303.0,
    "maxResTime" : 33990.0,
    "pct1ResTime" : 20170.0,
    "pct2ResTime" : 26570.0,
    "pct3ResTime" : 32254.5,
    "throughput" : 117.7583725926948,
    "receivedKBytesPerSec" : 4086.8578145327806,
    "sentKBytesPerSec" : 26.584614190534385
  },
  "searchdata_get_request-1" : {
    "transaction" : "searchdata_get_request-1",
    "sampleCount" : 987,
    "errorCount" : 466,
    "errorPct" : 47.21378,
    "meanResTime" : 12050.577507598782,
    "medianResTime" : 12043.0,
    "minResTime" : 303.0,
    "maxResTime" : 33660.0,
    "pct1ResTime" : 29041.000000000007,
    "pct2ResTime" : 31238.79999999999,
    "pct3ResTime" : 32558.24,
    "throughput" : 21.29771486524394,
    "receivedKBytesPerSec" : 1801.6998631468073,
    "sentKBytesPerSec" : 3.7437389411561615
  },
  "jobsnepal_aboutuspage_get_request-1" : {
    "transaction" : "jobsnepal_aboutuspage_get_request-1",
    "sampleCount" : 1000,
    "errorCount" : 410,
    "errorPct" : 41.0,
    "meanResTime" : 5987.101000000002,
    "medianResTime" : 5204.0,
    "minResTime" : 598.0,
    "maxResTime" : 13628.0,
    "pct1ResTime" : 11865.5,
    "pct2ResTime" : 12208.449999999999,
    "pct3ResTime" : 13000.110000000004,
    "throughput" : 61.0016470444702,
    "receivedKBytesPerSec" : 1134.7012873253827,
    "sentKBytesPerSec" : 10.186798481058988
  },
  "jobsnepal_aboutuspage_get_request-0" : {
    "transaction" : "jobsnepal_aboutuspage_get_request-0",
    "sampleCount" : 1000,
    "errorCount" : 0,
    "errorPct" : 0.0,
    "meanResTime" : 2124.4139999999998,
    "medianResTime" : 2038.0,
    "minResTime" : 851.0,
    "maxResTime" : 3988.0,
    "pct1ResTime" : 3016.0,
    "pct2ResTime" : 3624.0,
    "pct3ResTime" : 3802.99,
    "throughput" : 194.21246844047388,
    "receivedKBytesPerSec" : 151.9329451107011,
    "sentKBytesPerSec" : 31.673322489803844
  },
  "searchdata_get_request" : {
    "transaction" : "searchdata_get_request",
    "sampleCount" : 1000,
    "errorCount" : 479,
    "errorPct" : 47.9,
    "meanResTime" : 12829.384999999998,
    "medianResTime" : 12940.0,
    "minResTime" : 622.0,
    "maxResTime" : 33990.0,
    "pct1ResTime" : 29294.999999999996,
    "pct2ResTime" : 31493.549999999996,
    "pct3ResTime" : 32872.83,
    "throughput" : 21.285653469561517,
    "receivedKBytesPerSec" : 1794.0936053240741,
    "sentKBytesPerSec" : 7.3514494199659435
  },
  "jobsnepal_aboutuspage_get_request" : {
    "transaction" : "jobsnepal_aboutuspage_get_request",
    "sampleCount" : 1000,
    "errorCount" : 410,
    "errorPct" : 41.0,
    "meanResTime" : 8112.409000000006,
    "medianResTime" : 7153.0,
    "minResTime" : 2890.0,
    "maxResTime" : 16897.0,
    "pct1ResTime" : 13948.2,
    "pct2ResTime" : 14531.449999999997,
    "pct3ResTime" : 15669.310000000001,
    "throughput" : 54.88775454196169,
    "receivedKBytesPerSec" : 1063.9146461112025,
    "sentKBytesPerSec" : 18.11724710467095
  }
}